,Alpha,Avg_MSE,Avg_R2
0,0.11,0.9002116426996638,0.10493547412992454
